[
  {
    "categories": {
      "ru": {
        "Опрыскиватели для многолетних насаждений": {
          "subCategories": {
            "Опрыскиватель вентиляторный": {
              "object": [
                {
                  "name": "Опрыскиватель вентиляторный",
                  "cod": "SLV 1000 / 1500 / 2000",
                  "title": "main",
                  "description": "Для химической защиты от вредителей и болезней многолетних насаждений садов высотой до 5 м, с шириной междурядий до 6 м и виноградников с шириной междурядий 2,5 м и более",
                  "specifications": {
                    "<b>Производительность:</b>": "",
                    "сад (ширина междурядий 4 м)": "2,4 – 6,4 га/ч",
                    "виноградник (ширина междурядий 3 м)": "3,6 – 7,2 га/ч",
                    "Рабочая скорость движения": "6 – 8 км/ч",
                    "<b>Рабочая ширина захвата:</b>": "",
                    "сад (ширина междурядий до 6 м)": "1-2 ряд",
                    "сад (ширина междурядий до 4 м)": "2–3 ряд",
                    "виноградник (ширина междурядий до 3 м)": "2–3 ряд",
                    "Вместимость бака": "1,0/1,5/2,0 м3",
                    "Расход рабочей жидкости": "200 – 1000 л/га",
                    "Транспортная скорость": "20 км/ч",
                    "Число обслуживающего персонала": "1 чел",
                    "Масса машины сухая, не более": "600/800/900 кг",
                    "Габаритные размеры (Д×Ш×В) SLV 1000, не более:": "3,0×1,45×2,2 м",
                    "Габаритные размеры (Д×Ш×В) SLV 1500, не более:": "3,7×2,1×1,7 м",
                    "Габаритные размеры (Д×Ш×В) SLV 2000, не более:": "4,2×1,7×2,2 м"
                  },
                  "filter": ["MECARGO", "Новинка"],
                  "photo": [
                    "/assets/img/mech/SLV_1000/1.jpg",
                    "/assets/img/mech/SLV_1000/2.jpg"
                  ]
                },
                {
                  "name": "Опрыскиватель вентиляторный",
                  "cod": "SLV 1500/2000 FV",
                  "title": "main",
                  "description": "Для химической защиты от вредителей и болезней садов высотой до 4 м и шириной междурядий до 4 м и виноградников с шириной междурядий 2,5 м и более",
                  "specifications": {
                    "<b>Производительность:</b>": "",
                    "сад (ширина междурядий 4 м)": "2,4 – 6,4 га/ч",
                    "виноградник (ширина междурядий 3 м)": "3,6 – 7,2 га/ч",
                    "Рабочая скорость движения": "6 – 8 км/ч",
                    "<b>Рабочая ширина захвата:</b>": "",
                    "сад (ширина междурядий до 6 м)": "1-2 ряд",
                    "сад (ширина междурядий до 4 м)": "2–3 ряд",
                    "виноградник (ширина междурядий до 3 м)": "2–3 ряд",
                    "Вместимость бака": "2,0 м3",
                    "Расход рабочей жидкости": "200 – 1500 л/га",
                    "Транспортная скорость": "20 км/ч",
                    "Число обслуживающего персонала": "1 чел",
                    "Масса машины сухая, не более": "880 кг",
                    "Габаритные размеры (Д×Ш×В):": "4,6×1,7×2,6 м",
                    "Срок службы, не менее": "7 лет"
                  },
                  "filter": ["MOSH"],
                  "photo": ["/assets/img/mech/SLV_1500_FV/1.jpg"]
                },
                {
                  "name": "Опрыскиватель вентиляторный",
                  "cod": "SLV 2000 CR",
                  "title": "main",
                  "description": "Для химической защиты от вредителей и болезней садов высотой до 12 м и шириной междурядий до 6 м, интенсивных и суперинтенсивных садов, виноградников с шириной междурядий 2,5 м и более",
                  "specifications": {
                    "<b>Производительность:</b>": "",
                    "сад (ширина междурядий 4 м)": "2,4 – 6,4 га/ч",
                    "виноградник (ширина междурядий 3 м)": "3,6 – 7,2 га/ч",
                    "Рабочая скорость движения": "6 – 8 км/ч",
                    "<b>Рабочая ширина захвата:</b>": "",
                    "сад (ширина междурядий до 6 м)": "1-2 ряд",
                    "сад (ширина междурядий до 4 м)": "2–3 ряд",
                    "виноградник (ширина междурядий до 3 м)": "2–3 ряд",
                    "Вместимость бака": "2,0 м3",
                    "Расход рабочей жидкости": "200 – 1500 л/га",
                    "Транспортная скорость": "20 км/ч",
                    "Число обслуживающего персонала": "1 чел",
                    "Масса машины сухая, не более": "880 кг",
                    "Габаритные размеры (Д×Ш×В):": "4,6×1,7×2,6 м",
                    "Срок службы, не менее": "7 лет"
                  },
                  "filter": ["MOSH"],
                  "photo": [
                    "/assets/img/mech/SLV_2000_CR/1.jpg",
                    "/assets/img/mech/SLV_2000_CR/2.jpg",
                    "/assets/img/mech/SLV_2000_CR/3.jpg",
                    "/assets/img/mech/SLV_2000_CR/4.jpg"
                  ]
                }
              ]
            },
            "Опрыскиватель прицепной": {
              "object": [
                {
                  "name": "Опрыскиватель прицепной односторонний",
                  "cod": "SNU 2000",
                  "description": "Для химической защиты от вредителей и болезней многолетних насаждений (садов высотой от 6 м до 10 м и шириной междурядий от 6 м до 10 м), в частности, ореховых насаждений. Может применяться для оперативной обработки полевых культур с шириной захвата до 25 м",
                  "specifications": {},
                  "filter": ["MECARGO", "Новинка"],
                  "photo": ["/assets/img/mech/SNU_2000/1.jpg"]
                },
                {
                  "name": "Опрыскиватель прицепной односторонний",
                  "cod": "SLV 1500/2000 D",
                  "description": "Для химической защиты от вредителей и болезней многолетних насаждений (садов высотой до 6 м и шириной междурядий до 6 м)",
                  "specifications": {
                    "<b>Производительность:</b>": ""
                  },
                  "filter": ["MECARGO", "Новинка"],
                  "photo": ["/assets/img/mech/SLV_1500_2000_D/1.jpg"]
                },
                {
                  "name": "Опрыскиватель прицепной односторонний",
                  "cod": "SNU 2000 D2",
                  "description": "Для химической защиты от вредителей и болезней садов высотой от 6 до 10 м и шириной междурядий до 10 м, в частности, ореховых плантаций",
                  "specifications": {
                    "<b>Производительность:</b>": ""
                  },
                  "filter": ["MECARGO"],
                  "photo": ["/assets/img/mech/SNU_2000_D2/1.jpg"]
                },
                {
                  "name": "Опрыскиватель прицепной односторонний",
                  "cod": "SNU 2000 FN",
                  "description": "Для обработки садов и полей",
                  "specifications": {
                    "<b>Производительность:</b>": ""
                  },
                  "filter": ["MECARGO", "Популярное"],
                  "photo": ["/assets/img/mech/SNU_2000_FN/1.jpg"]
                },
                {
                  "name": "Опрыскиватель прицепной односторонний",
                  "cod": "SNU 2000 TURBO",
                  "description": "Для краевых обработок полевых культур и овощей, для химической защиты от вредителей и болезней садов высотой до 15 м и шириной междурядий до 10 м, в частности, ореховых насаждений. Может применяться для оперативной обработки полевых культур с шириной захвата до 35 м",
                  "specifications": {
                    "<b>Производительность:</b>": ""
                  },
                  "filter": ["MECARGO", "Популярное"],
                  "photo": ["/assets/img/mech/SNU_2000_TURBO/1.jpg"]
                }
              ]
            },
            "Опрыскиватель навесной": {
              "object": [
                {
                  "name": "Опрыскиватель навесной виноградниковый",
                  "cod": "SLV 800 P",
                  "description": "Для краевых обработок полевых культур и овощей, для химической защиты от вредителей и болезней садов высотой до 15 м и шириной междурядий до 10 м, в частности, ореховых насаждений. Может применяться для оперативной обработки полевых культур с шириной захвата до 35 м",
                  "specifications": {
                    "<b>Производительность:</b>": ""
                  },
                  "filter": ["MECARGO"],
                  "photo": ["/assets/img/mech/SLV_800_P/1.jpg"]
                }
              ]
            }
          }
        },
        "Опрыскиватели для обработки полевых культур": {
          "subCategories": {
            "Штанговый опрыскиватель": {
              "object": [
                {
                  "name": "Штанговый опрыскиватель",
                  "cod": "SPR 12 500",
                  "description": "",
                  "specifications": {
                    "Производительность:": "7,2 – 12 га/ч",
                    "Рабочая скорость движения": "6 – 10 км/ч",
                    "Рабочая ширина захвата:": "12 м",
                    "Вместимость бака": "0,5 м3",
                    "Расход рабочей жидкости": "120 – 450 л/га",
                    "Транспортная скорость": "15 км/ч",
                    "Число обслуживающего персонала": "1 чел",
                    "Масса машины сухая, не более": "400 кг",
                    "Габаритные размеры (Д×Ш×В)": "1,02 × 2,6 × 2,4 м",
                    "Потребляемая мощность от ВОМ, не более": "3 кВт",
                    "Скорость вращения ВОМ трактора": "540 об/мин",
                    "Штанга с жёсткой навеской и ручным складыванием.": "",
                    "Тип перемешивающего устройства — гидравлическая мешалка.": "",
                    "Агрегатируется с тракторами класса 1,4 – 2,0тн.": "",
                    "Примененяется во всех зонах земледелия, за исключением участков со склонами крутизной свыше 6°": ""
                  },
                  "filter": ["MECARGO", "Новинка"],
                  "photo": ["/assets/img/mech/SPR_12_500/1.jpg"]
                },
                {
                  "name": "Штанговый опрыскиватель",
                  "cod": "STR 12 2000/1500",
                  "description": "",
                  "specifications": {
                    "Производительность:": "7,2 – 12 га/ч",
                    "Рабочая скорость движения": "6 – 10 км/ч",
                    "Рабочая ширина захвата:": "12 м",
                    "Вместимость бака": "2/1,5 м3",
                    "Расход рабочей жидкости": "120 – 450 л/га",
                    "Транспортная скорость": "15 км/ч",
                    "Число обслуживающего персонала": "1 чел",
                    "Масса машины сухая, не более": "400 кг",
                    "Габаритные размеры (Д×Ш×В)": "1,02 × 2,6 × 2,4 м",
                    "Потребляемая мощность от ВОМ, не более": "3 кВт",
                    "Скорость вращения ВОМ трактора": "540 об/мин",
                    "Штанга с жёсткой навеской и ручным складыванием.": "",
                    "Тип перемешивающего устройства — гидравлическая мешалка.": "",
                    "Агрегатируется с тракторами класса 1,4 – 2,0тн.": "",
                    "Примененяется во всех зонах земледелия, за исключением участков со склонами крутизной свыше 6°": ""
                  },
                  "filter": ["MECARGO", "Новинка"],
                  "photo": ["/assets/img/mech/SPR_12_500/1.jpg"]
                }
              ]
            }
          }
        }
      },
      "en": {
        "Horticultural Equipment": {
          "subCategories": {
            "Garden Tractors and Cultivators": {
              "object": [
                {
                  "name": "Plow",
                  "cod": "PG 300",
                  "description": "For plowing land, preparing soil for sowing",
                  "specifications": {
                    "area": "1 - 3 ha/h",
                    "Working speed of movement": "3 - 6 km/h"
                  },
                  "subCategories": [
                    "Seedling Planter",
                    "Vegetable Seeder",
                    "Automatic Planter",
                    "Pneumatic Seeder for Gardens",
                    "Carrot Planter"
                  ],
                  "filter": ["New", "Popular"],
                  "photo": []
                },
                {
                  "name": "Cultivator",
                  "cod": "GYC 500",
                  "description": "Designed for deep cultivation of the soil, ensuring optimal grain growth.",
                  "specifications": {
                    "area": "1 - 4 ha/h",
                    "Working speed of movement": "4 - 7 km/h"
                  },
                  "subCategories": [
                    "Seedling Planter",
                    "Vegetable Seeder",
                    "Automatic Planter",
                    "Pneumatic Seeder for Gardens",
                    "Carrot Planter"
                  ],
                  "filter": ["New"],
                  "photo": []
                }
              ]
            },
            "Seeders and Planters for Vegetables": {
              "object": [
                {
                  "name": "Vegetable Seeder",
                  "cod": "VS 200",
                  "description": "Efficient for sowing various vegetable seeds evenly.",
                  "specifications": {
                    "area": "2 - 5 ha/h",
                    "Working speed of movement": "5 - 8 km/h"
                  },
                  "subCategories": [
                    "Seedling Planter",
                    "Automatic Planter",
                    "Pneumatic Seeder for Gardens",
                    "Carrot Planter"
                  ],
                  "filter": [
                    "Новинка",
                    "Популярное",
                    "MECARGO",
                    "BARGAM",
                    "MOSH"
                  ],
                  "photo": []
                },
                {
                  "name": "Automatic Seeder",
                  "cod": "AS 400",
                  "description": "Ensures precise seed placement and optimal spacing.",
                  "specifications": {
                    "area": "1 - 4 ha/h",
                    "Working speed of movement": "3 - 6 km/h"
                  },
                  "subCategories": [
                    "Seedling Planter",
                    "Vegetable Seeder",
                    "Pneumatic Seeder for Gardens",
                    "Carrot Planter"
                  ],
                  "filter": ["Popular"],
                  "photo": []
                }
              ]
            },
            "Harvesting Equipment for Berries": {
              "object": [
                {
                  "name": "Berry Harvester",
                  "cod": "BH 350",
                  "description": "Designed to harvest berries with minimal loss.",
                  "specifications": {
                    "area": "0.5 - 2 ha/h",
                    "Working speed of movement": "2 - 5 km/h"
                  },
                  "subCategories": [
                    "Berry Collectors",
                    "Berry Processing Equipment"
                  ],
                  "filter": [
                    "Новинка",
                    "Популярное",
                    "MECARGO",
                    "BARGAM",
                    "MOSH"
                  ],
                  "photo": [
                    "/assets/img/avto/1.png",
                    "/assets/img/avto/1.png",
                    "/assets/img/avto/1.png",
                    "/assets/img/avto/1.png"
                  ]
                },
                {
                  "name": "Berry Collector",
                  "cod": "BC 400",
                  "description": "Efficiently collects berries and reduces harvesting time.",
                  "specifications": {
                    "area": "1 - 3 ha/h",
                    "Working speed of movement": "3 - 6 km/h"
                  },
                  "subCategories": [
                    "Berry Collectors",
                    "Berry Processing Equipment"
                  ],
                  "filter": ["Popular"],
                  "photo": [
                    "/assets/img/avto/1.png",
                    "/assets/img/avto/1.png",
                    "/assets/img/avto/1.png",
                    "/assets/img/avto/1.png"
                  ]
                }
              ]
            },
            "Soil Processing Equipment for Gardens": {
              "object": [
                {
                  "name": "Garden Tiller",
                  "cod": "GT 600",
                  "description": "Perfect for soil loosening and aeration, promoting healthy plant growth.",
                  "specifications": {
                    "area": "1 - 3 ha/h",
                    "Working speed of movement": "3 - 5 km/h"
                  },
                  "subCategories": [
                    "Cultivators",
                    "Mini Tractors",
                    "Soil Loosening Equipment"
                  ],
                  "filter": [
                    "Новинка",
                    "Популярное",
                    "MECARGO",
                    "BARGAM",
                    "MOSH"
                  ],
                  "photo": [
                    "/assets/img/avto/1.png",
                    "/assets/img/avto/1.png",
                    "/assets/img/avto/1.png",
                    "/assets/img/avto/1.png"
                  ]
                },
                {
                  "name": "Rotary Cultivator",
                  "cod": "RC 500",
                  "description": "Designed for soil preparation, enabling effective weed control.",
                  "specifications": {
                    "area": "1 - 2 ha/h",
                    "Working speed of movement": "4 - 6 km/h"
                  },
                  "subCategories": [
                    "Cultivators",
                    "Mini Tractors",
                    "Soil Loosening Equipment"
                  ],
                  "filter": ["Popular"],
                  "photo": [
                    "/assets/img/avto/1.png",
                    "/assets/img/avto/1.png",
                    "/assets/img/avto/1.png",
                    "/assets/img/avto/1.png"
                  ]
                }
              ]
            }
          }
        },
        "Grapevine Equipment": {
          "subCategories": {
            "Grape Harvesting Equipment": {
              "object": [
                {
                  "name": "Grape Harvester",
                  "cod": "GH 700",
                  "description": "Designed for efficient and automated grape harvesting.",
                  "specifications": {
                    "area": "1 - 4 ha/h",
                    "Working speed of movement": "2 - 4 km/h"
                  },
                  "subCategories": [
                    "Grape Collectors",
                    "Grape Processing Equipment"
                  ],
                  "filter": [
                    "Новинка",
                    "Популярное",
                    "MECARGO",
                    "BARGAM",
                    "MOSH"
                  ],
                  "photo": [
                    "/assets/img/avto/1.png",
                    "/assets/img/avto/1.png",
                    "/assets/img/avto/1.png",
                    "/assets/img/avto/1.png"
                  ]
                },
                {
                  "name": "Grape Press",
                  "cod": "GP 400",
                  "description": "Used for pressing grapes and extracting juice, known for its high efficiency.",
                  "specifications": {
                    "area": "1 - 5 ha/h",
                    "Working speed of movement": "3 - 6 km/h"
                  },
                  "subCategories": [
                    "Grape Collectors",
                    "Grape Processing Equipment"
                  ],
                  "filter": ["Popular"],
                  "photo": [
                    "/assets/img/avto/1.png",
                    "/assets/img/avto/1.png",
                    "/assets/img/avto/1.png",
                    "/assets/img/avto/1.png"
                  ]
                }
              ]
            },
            "Equipment for Grape Processing": {
              "object": [
                {
                  "name": "Grape Seeder",
                  "cod": "GS 100",
                  "description": "Effectively sows cover crops between grape rows.",
                  "specifications": {
                    "area": "1 - 2 ha/h",
                    "Working speed of movement": "2 - 5 km/h"
                  },
                  "subCategories": ["Fertilizers", "Pest Control"],
                  "filter": ["New"],
                  "photo": [
                    "/assets/img/avto/1.png",
                    "/assets/img/avto/1.png",
                    "/assets/img/avto/1.png",
                    "/assets/img/avto/1.png"
                  ]
                },
                {
                  "name": "Grape Sprayer",
                  "cod": "GS 200",
                  "description": "Provides even distribution of protective agents on grape plants.",
                  "specifications": {
                    "area": "1 - 3 ha/h",
                    "Working speed of movement": "3 - 6 km/h"
                  },
                  "subCategories": ["Fertilizers", "Pest Control"],
                  "filter": ["Popular"],
                  "photo": [
                    "/assets/img/avto/1.png",
                    "/assets/img/avto/1.png",
                    "/assets/img/avto/1.png",
                    "/assets/img/avto/1.png"
                  ]
                }
              ]
            }
          }
        },
        "Livestock Equipment": {
          "subCategories": {
            "Animal Feeding Equipment": {
              "object": [
                {
                  "name": "Feed Mixer",
                  "cod": "FM 300",
                  "description": "Designed for blending feed efficiently among farm animals.",
                  "specifications": {
                    "area": "0.5 - 2 ha/h",
                    "Working speed of movement": "3 - 5 km/h"
                  },
                  "subCategories": [],
                  "filter": ["New"],
                  "photo": [
                    "/assets/img/avto/1.png",
                    "/assets/img/avto/1.png",
                    "/assets/img/avto/1.png",
                    "/assets/img/avto/1.png"
                  ]
                },
                {
                  "name": "Automatic Waterer",
                  "cod": "AW 150",
                  "description": "Provides continuous access to water for livestock on the farm.",
                  "specifications": {
                    "area": "N/A",
                    "Working speed of movement": "N/A"
                  },
                  "subCategories": [],
                  "filter": ["Popular"],
                  "photo": [
                    "/assets/img/avto/1.png",
                    "/assets/img/avto/1.png",
                    "/assets/img/avto/1.png",
                    "/assets/img/avto/1.png"
                  ]
                }
              ]
            },
            "Milking Equipment": {
              "object": [
                {
                  "name": "Milking Machine",
                  "cod": "MM 500",
                  "description": "A system for automatic milking of cows, providing high efficiency and low energy consumption.",
                  "specifications": {
                    "area": "N/A",
                    "Working speed of movement": "N/A"
                  },
                  "subCategories": [],
                  "filter": ["New"],
                  "photo": [
                    "/assets/img/avto/1.png",
                    "/assets/img/avto/1.png",
                    "/assets/img/avto/1.png",
                    "/assets/img/avto/1.png"
                  ]
                },
                {
                  "name": "Milking Parlor",
                  "cod": "MP 400",
                  "description": "Convenient solution for organizing the milking process, minimizing stress for animals.",
                  "specifications": {
                    "area": "N/A",
                    "Working speed of movement": "N/A"
                  },
                  "subCategories": [],
                  "filter": ["Popular"],
                  "photo": [
                    "/assets/img/avto/1.png",
                    "/assets/img/avto/1.png",
                    "/assets/img/avto/1.png",
                    "/assets/img/avto/1.png"
                  ]
                }
              ]
            }
          }
        }
      }
    }
  }
]
